TRUNCATE registry;
INSERT INTO registry (time, client, direction, trade, rate) VALUES
    ('2023-11-01 12:00 MSK', 'checkouter', 'SELL', (1000.00, 'CNY'), (11.00, 'CNY', 'RUR')),
    ('2023-11-02 12:00 MSK', 'checkouter', 'SELL', (500.00, 'CNY'), (12.00, 'CNY', 'RUR')),
    ('2023-11-03 12:00 MSK', 'checkouter', 'BUY',  (800.00, 'CNY'), (10.00, 'CNY', 'RUR')),
    ('2023-11-04 12:00 MSK', 'checkouter', 'BUY',  (800.00, 'CNY'), (10.50, 'CNY', 'RUR')),
    ('2023-11-05 12:00 MSK', 'checkouter', 'SELL', (500.00, 'USD'), (70.00, 'USD', 'RUR')),
    ('2023-11-06 12:00 MSK', 'checkouter', 'SELL', (250.00, 'USD'), (75.00, 'USD', 'RUR')),
    ('2023-11-07 12:00 MSK', 'checkouter', 'BUY',  (400.00, 'USD'), (65.00, 'USD', 'RUR')),
    ('2023-11-08 12:00 MSK', 'checkouter', 'BUY',  (400.00, 'USD'), (70.00, 'USD', 'RUR')),
    ('2023-11-09 12:00 MSK', 'checkouter', 'BUY',  (200.00, 'USD'), (99.00, 'USD', 'RUR')),
    ('2023-11-10 12:00 MSK', 'checkouter', 'BUY',  (1.00, 'IPH'), (1000.00, 'IPH', 'RUR')),
    ('2023-11-11 12:00 MSK', 'checkouter', 'BUY',  (1.00, 'IPH'), (1100.00, 'IPH', 'RUR')),
    ('2023-11-12 12:00 MSK', 'checkouter', 'BUY',  (1.00, 'IPH'), (1200.00, 'IPH', 'RUR')),
    ('2023-11-13 12:00 MSK', 'checkouter', 'BUY',  (3.00, 'IPH'), (900.00, 'IPH', 'RUR')),
    ('2023-11-14 12:00 MSK', 'checkouter', 'SELL', (10.00, 'IPH'), (900.00, 'IPH', 'RUR')),
    ('2023-11-15 12:00 MSK', 'checkouter', 'BUY',  (2.00, 'IPH'), (1000.00, 'IPH', 'RUR')),
    ('2023-11-16 12:00 MSK', 'checkouter', 'BUY',  (2.00, 'IPH'), (1000.00, 'IPH', 'RUR')),
    ('2023-11-17 12:00 MSK', 'checkouter', 'BUY',  (1.00, 'IPH'), (800.00, 'IPH', 'RUR')),
    ('2023-11-18 12:00 MSK', 'checkouter', 'SELL', (2.00, 'PSP'), (700.00, 'PSP', 'RUR')),
    ('2023-11-19 12:00 MSK', 'checkouter', 'BUY',  (1.00, 'PSP'), (600.00, 'PSP', 'RUR')),
    ('2023-11-20 12:00 MSK', 'checkouter', 'BUY',  (1.00, 'PSP'), (600.00, 'PSP', 'RUR')),
    
    ('2023-11-01 12:00 MSK', 'checkouter', 'SELL',  (100.00, 'EUR'), (88.00, 'EUR', 'RUR')),
    
    
;

TRUNCATE limits;
INSERT INTO limits (time, client, direction, "limit") VALUES 
    ('2023-11-01 12:00 MSK', 'checkouter', 'BUY', (11.00, 'CNY', 'RUR')),
    ('2023-11-02 12:00 MSK', 'checkouter', 'SELL', (10.80, 'CNY', 'RUR')),
    ('2023-11-03 12:00 MSK', 'checkouter', 'BUY', (11.20, 'CNY', 'RUR')),
    ('2023-11-04 12:00 MSK', 'checkouter', 'SELL', (11.20, 'CNY', 'RUR')),
    ('2023-11-05 12:00 MSK', 'checkouter', 'BUY', (11.60, 'CNY', 'RUR')),
    ('2023-11-06 12:00 MSK', 'checkouter', 'SELL', (11.40, 'CNY', 'RUR'))
;

TRUNCATE quotes;
INSERT INTO quotes (time, direction, rate) VALUES
    ('2023-11-01 12:00 MSK', 'BUY', (10.00, 'CNY', 'RUR')),
    ('2023-11-02 12:00 MSK', 'BUY', (10.20, 'CNY', 'RUR')),
    ('2023-11-03 12:00 MSK', 'BUY', (10.40, 'CNY', 'RUR')),
    ('2023-11-04 12:00 MSK', 'BUY', (10.60, 'CNY', 'RUR')),
    ('2023-11-05 12:00 MSK', 'BUY', (10.80, 'CNY', 'RUR')),
    ('2023-11-06 12:00 MSK', 'BUY', (11.00, 'CNY', 'RUR')),
    ('2023-11-07 12:00 MSK', 'BUY', (11.20, 'CNY', 'RUR')),
    ('2023-11-08 12:00 MSK', 'BUY', (11.40, 'CNY', 'RUR')),
    ('2023-11-09 12:00 MSK', 'BUY', (11.60, 'CNY', 'RUR')),
    ('2023-11-10 12:00 MSK', 'BUY', (11.80, 'CNY', 'RUR')),
    ('2023-11-11 12:00 MSK', 'BUY', (12.00, 'CNY', 'RUR')),
    ('2023-11-12 12:00 MSK', 'BUY', (12.20, 'CNY', 'RUR')),
    ('2023-11-13 12:00 MSK', 'BUY', (12.40, 'CNY', 'RUR')),
    ('2023-11-14 12:00 MSK', 'BUY', (12.60, 'CNY', 'RUR')),
    ('2023-11-15 12:00 MSK', 'BUY', (12.80, 'CNY', 'RUR')),
    ('2023-11-16 12:00 MSK', 'BUY', (13.00, 'CNY', 'RUR')),
    ('2023-11-17 12:00 MSK', 'BUY', (13.20, 'CNY', 'RUR')),
    ('2023-11-18 12:00 MSK', 'BUY', (13.40, 'CNY', 'RUR')),
    ('2023-11-19 12:00 MSK', 'BUY', (13.60, 'CNY', 'RUR')),
    ('2023-11-20 12:00 MSK', 'BUY', (13.80, 'CNY', 'RUR')),
    ('2023-11-01 12:00 MSK', 'SELL', (9.80, 'CNY', 'RUR')),
    ('2023-11-02 12:00 MSK', 'SELL', (10.00, 'CNY', 'RUR')),
    ('2023-11-03 12:00 MSK', 'SELL', (10.20, 'CNY', 'RUR')),
    ('2023-11-04 12:00 MSK', 'SELL', (10.40, 'CNY', 'RUR')),
    ('2023-11-05 12:00 MSK', 'SELL', (10.60, 'CNY', 'RUR')),
    ('2023-11-06 12:00 MSK', 'SELL', (10.80, 'CNY', 'RUR')),
    ('2023-11-07 12:00 MSK', 'SELL', (11.00, 'CNY', 'RUR')),
    ('2023-11-08 12:00 MSK', 'SELL', (11.20, 'CNY', 'RUR')),
    ('2023-11-09 12:00 MSK', 'SELL', (11.40, 'CNY', 'RUR')),
    ('2023-11-10 12:00 MSK', 'SELL', (11.60, 'CNY', 'RUR')),
    ('2023-11-11 12:00 MSK', 'SELL', (11.80, 'CNY', 'RUR')),
    ('2023-11-12 12:00 MSK', 'SELL', (12.00, 'CNY', 'RUR')),
    ('2023-11-13 12:00 MSK', 'SELL', (12.20, 'CNY', 'RUR')),
    ('2023-11-14 12:00 MSK', 'SELL', (12.40, 'CNY', 'RUR')),
    ('2023-11-15 12:00 MSK', 'SELL', (12.60, 'CNY', 'RUR')),
    ('2023-11-16 12:00 MSK', 'SELL', (12.80, 'CNY', 'RUR')),
    ('2023-11-17 12:00 MSK', 'SELL', (13.00, 'CNY', 'RUR')),
    ('2023-11-18 12:00 MSK', 'SELL', (13.20, 'CNY', 'RUR')),
    ('2023-11-19 12:00 MSK', 'SELL', (13.40, 'CNY', 'RUR')),
    ('2023-11-20 12:00 MSK', 'SELL', (13.60, 'CNY', 'RUR')),
    
    ('2023-11-01 12:00 MSK', 'BUY', (90.00 + 1.00, 'EUR', 'RUR')),
    ('2023-11-02 12:00 MSK', 'BUY', (91.00 + 1.00, 'EUR', 'RUR')),
    ('2023-11-03 12:00 MSK', 'BUY', (92.00 + 1.00, 'EUR', 'RUR')),
    ('2023-11-04 12:00 MSK', 'BUY', (93.00 + 1.00, 'EUR', 'RUR')),
    ('2023-11-05 12:00 MSK', 'BUY', (94.00 + 1.00, 'EUR', 'RUR')),
    ('2023-11-06 12:00 MSK', 'BUY', (95.00 + 1.00, 'EUR', 'RUR')),
    ('2023-11-07 12:00 MSK', 'BUY', (96.00 + 1.00, 'EUR', 'RUR')),
    ('2023-11-08 12:00 MSK', 'BUY', (97.00 + 1.00, 'EUR', 'RUR')),
    ('2023-11-09 12:00 MSK', 'BUY', (98.00 + 1.00, 'EUR', 'RUR')),
    ('2023-11-10 12:00 MSK', 'BUY', (99.00 + 1.00, 'EUR', 'RUR')),
    ('2023-11-11 12:00 MSK', 'BUY', (100.00 + 1.00, 'EUR', 'RUR')),
    ('2023-11-12 12:00 MSK', 'BUY', (101.00 + 1.00, 'EUR', 'RUR')),
    ('2023-11-13 12:00 MSK', 'BUY', (102.00 + 1.00, 'EUR', 'RUR')),
    ('2023-11-14 12:00 MSK', 'BUY', (103.00 + 1.00, 'EUR', 'RUR')),
    ('2023-11-15 12:00 MSK', 'BUY', (104.00 + 1.00, 'EUR', 'RUR')),
    ('2023-11-16 12:00 MSK', 'BUY', (105.00 + 1.00, 'EUR', 'RUR')),
    ('2023-11-17 12:00 MSK', 'BUY', (104.00 + 1.00, 'EUR', 'RUR')),
    ('2023-11-18 12:00 MSK', 'BUY', (103.00 + 1.00, 'EUR', 'RUR')),
    ('2023-11-19 12:00 MSK', 'BUY', (102.00 + 1.00, 'EUR', 'RUR')),
    ('2023-11-20 12:00 MSK', 'BUY', (101.00 + 1.00, 'EUR', 'RUR')),
    ('2023-11-21 12:00 MSK', 'BUY', (100.00 + 1.00, 'EUR', 'RUR')),
    ('2023-11-22 12:00 MSK', 'BUY', (99.00 + 1.00, 'EUR', 'RUR')),
    ('2023-11-23 12:00 MSK', 'BUY', (98.00 + 1.00, 'EUR', 'RUR')),
    ('2023-11-24 12:00 MSK', 'BUY', (97.00 + 1.00, 'EUR', 'RUR')),
    ('2023-11-25 12:00 MSK', 'BUY', (96.00 + 1.00, 'EUR', 'RUR')),
    ('2023-11-26 12:00 MSK', 'BUY', (95.00 + 1.00, 'EUR', 'RUR')),
    ('2023-11-27 12:00 MSK', 'BUY', (96.00 + 1.00, 'EUR', 'RUR')),
    ('2023-11-28 12:00 MSK', 'BUY', (97.00 + 1.00, 'EUR', 'RUR')),
    ('2023-11-29 12:00 MSK', 'BUY', (98.00 + 1.00, 'EUR', 'RUR')),
    ('2023-11-30 12:00 MSK', 'BUY', (99.00 + 1.00, 'EUR', 'RUR')),
    ('2023-11-01 12:00 MSK', 'SELL', (90.00 - 1.00, 'EUR', 'RUR')),
    ('2023-11-02 12:00 MSK', 'SELL', (91.00 - 1.00, 'EUR', 'RUR')),
    ('2023-11-03 12:00 MSK', 'SELL', (92.00 - 1.00, 'EUR', 'RUR')),
    ('2023-11-04 12:00 MSK', 'SELL', (93.00 - 1.00, 'EUR', 'RUR')),
    ('2023-11-05 12:00 MSK', 'SELL', (94.00 - 1.00, 'EUR', 'RUR')),
    ('2023-11-06 12:00 MSK', 'SELL', (95.00 - 1.00, 'EUR', 'RUR')),
    ('2023-11-07 12:00 MSK', 'SELL', (96.00 - 1.00, 'EUR', 'RUR')),
    ('2023-11-08 12:00 MSK', 'SELL', (97.00 - 1.00, 'EUR', 'RUR')),
    ('2023-11-09 12:00 MSK', 'SELL', (98.00 - 1.00, 'EUR', 'RUR')),
    ('2023-11-10 12:00 MSK', 'SELL', (99.00 - 1.00, 'EUR', 'RUR')),
    ('2023-11-11 12:00 MSK', 'SELL', (100.00 - 1.00, 'EUR', 'RUR')),
    ('2023-11-12 12:00 MSK', 'SELL', (101.00 - 1.00, 'EUR', 'RUR')),
    ('2023-11-13 12:00 MSK', 'SELL', (102.00 - 1.00, 'EUR', 'RUR')),
    ('2023-11-14 12:00 MSK', 'SELL', (103.00 - 1.00, 'EUR', 'RUR')),
    ('2023-11-15 12:00 MSK', 'SELL', (104.00 - 1.00, 'EUR', 'RUR')),
    ('2023-11-16 12:00 MSK', 'SELL', (105.00 - 1.00, 'EUR', 'RUR')),
    ('2023-11-17 12:00 MSK', 'SELL', (104.00 - 1.00, 'EUR', 'RUR')),
    ('2023-11-18 12:00 MSK', 'SELL', (103.00 - 1.00, 'EUR', 'RUR')),
    ('2023-11-19 12:00 MSK', 'SELL', (102.00 - 1.00, 'EUR', 'RUR')),
    ('2023-11-20 12:00 MSK', 'SELL', (101.00 - 1.00, 'EUR', 'RUR')),
    ('2023-11-21 12:00 MSK', 'SELL', (100.00 - 1.00, 'EUR', 'RUR')),
    ('2023-11-22 12:00 MSK', 'SELL', (99.00 - 1.00, 'EUR', 'RUR')),
    ('2023-11-23 12:00 MSK', 'SELL', (98.00 - 1.00, 'EUR', 'RUR')),
    ('2023-11-24 12:00 MSK', 'SELL', (97.00 - 1.00, 'EUR', 'RUR')),
    ('2023-11-25 12:00 MSK', 'SELL', (96.00 - 1.00, 'EUR', 'RUR')),
    ('2023-11-26 12:00 MSK', 'SELL', (95.00 - 1.00, 'EUR', 'RUR')),
    ('2023-11-27 12:00 MSK', 'SELL', (96.00 - 1.00, 'EUR', 'RUR')),
    ('2023-11-28 12:00 MSK', 'SELL', (97.00 - 1.00, 'EUR', 'RUR')),
    ('2023-11-29 12:00 MSK', 'SELL', (98.00 - 1.00, 'EUR', 'RUR')),
    ('2023-11-30 12:00 MSK', 'SELL', (99.00 - 1.00, 'EUR', 'RUR'))
;

